Vazao Volumetrica,Fator Atrito,Vazao Massica,Perda de Carga,Pressao Dinamica,Forca de Arrastro,Numero de Reynolds
2.94000005722046,0.0177373905520006,3.41451601838418,1.05943911621959,20.9051992893219,0.0459729369217481,264240.515006239

